original,modernisé,commentaire
saient,soient,
craient,croient,
vaient,voient,
chôse,chose,
ceilcour,ceilcour,nom propre
chôses,choses,
limours,limours,nom propre
celtas,celtas,nom propre
nasuf,nasuf,nom propre
gratien,gratien,nom propre
franlo,franlo,nom propre
desglinières,desglinières,nom propre
raunai,raunai,nom propre
zemni,zemni,nom propre
echelettes,echelettes,nom propre
parisatis,parisatis,nom propre
lonchamps,lonchamps,nom propre
melro,melro,nom propre
folaise,folaise,nom propre
entre'eux,entre eux,
occâsion,occasion,
balahac,balahac,nom propre
candehar,candehar,nom propre
chés,chez,
revait,rêvait,
diaulas,diaulas,nom propre
crüelle,cruelle,
flonsel,flonsel,nom propre
grancise,grancise,nom propre
astie,astie,nom propre
crüel,cruel,
bacha,pacha,
luimême,lui-même,
assèz,assez,
réclif,réclif,nom propre
lazzaro,lazzaro,nom propre
porphire,porphyre,
topal,topal,nom propre
cæur,cœur,erreur OCR
faussin,faussin,nom propre
sitüâtion,situation,
goé,goé,nom propre
verquin,verquin,nom propre
emplaient,emploient,
bénine,bénine,nom propre
popinel,popinel,nom propre
labrie,labrie,nom propre
voutes,voûtes,
bousinière,bousinière,nom propre
fûssent,fussent,
destanges,destanges,nom propre
doctorin,doctorin,nom propre
chède,chède,nom propre
prât,prât,nom propre
fesait,faisait,
gensac,gensac,nom propre
loando,loando,nom propre
dispôsitions,dispositions,
pôsition,position,
choeur,chœur,
imaginâtion,imagination,
suppôser,supposer,
suppôsant,supposant,
peutêtre,peut-être,
colbac,colbac,nom propre
te,te,correct
dà,da,interjection (souvent oui-da)
vertabiet,vertabiet,correct (https://fr.wikisource.org/wiki/L%E2%80%99Encyclop%C3%A9die/1re_%C3%A9dition/VERTABIET)
raimbow,raimbow,nom propre
succèz,succès,
milédi,milady,
expiroit,expirait,
actüellement,actuellement,
vertpré,vert pré,
queje,que je,
prémière,première,
udal,udal,nom propre
regarderois,regarderais,
eûssiez,eussiez,
traitre,traître,
pâssé,passé,
dumba,dumba,nom propre
duperrier,duperrier,nom propre
ecrivez,écrivez,
souterreine,souterraine,
barrito,barrito,nom propre
pourvait,pourvoit,
himen,hymen,
sirien,syrien,
considérâtion,considération,
servoz,servoz,nom propre
noirville,noirville,nom propre
voyés,voyez,
entrevûe,entrevue,
dallainval,dallainval,nom propre
saintsilvain,saintsilvain,nom propre
eüe,eue,
nazomega,nazomega,nom propre
retel,retel,nom propre
passy,passy,nom propre
weis,weis,nom propre
gnôme,gnome,
desira,désira,
gnômes,gnomes,
desiriez,désiriez,
pout,peut,
distinguois,distinguais,
estàdire,est à dire,
écrié,écrié,correct
berlits,berlits,nom propre
boiscaré,boiscaré,nom propre
yous,yous,erreur OCR
sacrifierois,sacrifierais,
gomès,gomès,nom propre
réputâtion,réputation,
entrevait,entrevoit,
portiere,portière,
jene,je ne,erreur OCR
rosimont,rosimont,nom propre
sapi,sapi,nom propre
fûssiez,fussiez,
saget,saget,nom propre
paquante,paquante,nom propre
oeufs,œufs,
séparerent,séparèrent,
tomans,tomans,nom propre
baillif,bailli,
ratiere,ratière,
vraiement,vraiment,
appellés,appelés,
losval,losval,nom propre
nephes,nephes,nom propre
excèz,excès,
mountain,mountain,nom propre
euil,œuil,
slope,slope,nom propre
etonné,étonné,
veillois,veillais,
rejettez,rejetez,
boeufs,bœufs,
humilians,humiliants,
ont,ont,correct
aurèle,aurèle,nom propre
assait,assoit,
dieppe,dieppe,nom propre
amusans,amusants,
soyés,soyez,
couvrois,couvrais,
persüader,persuader,
ditil,di-til,
entre'elles,entre elles,
venuzi,venuzi,nom propre
envaient,envoient,
rappellaient,rappelaient,
gémissois,gémissais,
evangile,évangile,
enivrois,enivrais,
bientot,bientôt,
caillet,caillet,nom propre
monfieur,monsieur,erreur OCR
rarup,rarup,nom propre
permêt,permet,
traversois,traversais,
arpennaz,arpennaz,nom propre
oromasis,oromasis,nom propre
errois,errais,
dèz,dès,
persécutoit,persécutait,
solemnels,solennels,
gotton,gotton,nom propre
loutraille,loutraille,nom propre
làdessus,là-dessus,
levent,levent,ambigu: levant ou lèvent
taxile,taxile,nom propre
bossière,bossière,nom propre
appas,appâts,
éginard,éginard,nom propre
manoeuvre,manœuvre,
eûssent,eussent,
végétables,végétables,pas clair (tubules végétables)
fair,faire,
vernouillet,vernouillet,nom propre
priéres,prières,
chérissois,chérissais,
abusois,abusais,
etant,étant,
risquois,risquais,
dispôsition,disposition,
lestal,lestal,nom propre
achevent,achèvent,
rendezvous,rendez-vous,
quevous,que vous,erreur OCR
cédois,cédois,
actüelle,actuelle,
browne,browne,nom propre
etde,et de,erreur OCR
râre,rare,
repoussois,repoussais,
écriatil,écria-t-il,
gouté,goûté,
emouchets,emouchets,nom propre
mépriserois,mépriserais,
monterent,montèrent,
voulés,voulez,
déplaient,déplaisent,
auranges,auranges,effet de style
couterait,coûterait,
poulitte,poulitte,nom propre
bisarres,bizarres,
redisoit,redisait,
bellescousines,belles cousines,erreur OCR
lauroi,lauroi,nom propre
forbess,forbess,nom propre
partagerois,partagerais,
amalberge,amalberge,nom propre
menerai,mènerai,
benk,benk,nom propre
allait,allait,correct
queu,queu,ambigu: quel ou quelle
ensin,enfin,erreur OCR
caractérisoient,caractérisaient,
naguères,naguère,
barcelonnette,barcelonnette,correct
ménétrel,ménestrel,
thieul,thieul,nom propre
détesterois,détesterais,
kesra,kesra,nom propre
semme,femme,erreur OCR
consultois,consultais,
espiéglerie,espièglerie,
biau,beau,
visnou,visnou,nom propre
tragi,tragi,correct
sême,sême,nom propre
lassois,lassais,
soutiendrois,soutiendrais,
idolâtrois,idolâtrais,
répondisje,répondis-je,erreur OCR
choeurs,chœurs,
brioude,brioude,nom propre
rustigraphe,rustigraphe,nom propre
lebon,lebon,nom propre
dispôsée,disposée,
tettons,tétons,
redingotte,redingote,
plorman,plorman,nom propre
retenüe,retenue,
maurisca,maurisca,
ambussieres,ambussieres,nom propre
aslan,aslan,nom propre
métomba,métomba,nom propre
zirca,zirca,nom propre
omrahs,omrahs,nom propre
frécour,frécour,nom propre
gerseuil,gerseuil,nom propre
cîme,cime,
nilevar,nilevar,nom propre
deson,de son,erreur OCR
corréa,corréa,nom propre
minucieuse,minutieuse,
gaité,gaieté,
connaitre,connaître,
despêches,despêches,nom propre
orrery,orrery,nom propre
salked,salked,nom propre
espiégleries,espiègleries,
gaëte,gaëte,nom propre
basseroche,basseroche,nom propre
sautoit,sautait,
savés,savez,
morton,morton,nom propre
rendüe,rendue,
hémisphere,hémisphère,
montoni,montoni,nom propre
échaffaut,échafaud,
préférois,préférais,
deshonorée,déshonorée,
relisois,relisais,
goddam,goddam,langue étrangère
conjurois,conjurais,
elevé,élevé,
avancerent,avancèrent,
tauris,tauris,nom propre
etonnée,étonnée,
joset,joset,nom propre
évanouissemens,évanouissements,
maudissois,maudissais,
corbleu,corbleu,correct
entrevoyois,entrevoyais,
rustigràphe,rustigràphe,nom propre
caffre,caffre,nom propre
myrthe,myrte,
bâle,bâle,nom propre
naitre,naître,
garotté,garrotté,
fîsse,fisse,
jete,jette,
chorassan,chorassan,
dervis,derviche,
raccommodemens,raccommodements,
austeres,austères,
volsques,volsques,correct
bellegarde,bellegarde,nom propre
dégout,dégoût,
mêt,met,
dascourt,dascourt,nom propre
propôser,proposer,
paray,paray,nom propre
crüelles,cruelles,
planette,planète,
norpéen,norpéen,nom propre
mandier,mendier,
candahar,candahar,nom propre
éblouissans,éblouissants,
lastic,lastic,nom propre
infléxible,inflexible,
répon,répon,erreur OCR
dumoins,du moins,
motassem,motassem,nom propre
etois,étais,
éxigé,exigé,
tabatiere,tabatière,
visiere,visière,
chonchon,chonchon,nom propre
maruces,maruces,nom propre
crüels,cruels,
ceque,ce que,
léipsick,léipsick,effet de style
étendüe,étendue,
bellemare,bellemare,nom propre
propôse,propose,
facon,façon,
vanidor,vanidor,nom propre
tempéroit,tempérait,
liger,liger,nom propre
promenent,promènent,
lâsse,lasse,
pleuvoit,pleuvait,
désoeuvré,désœuvré,
recueillois,recueillais,
brossailles,broussailles,
main,main,correct
ryding,ryding,nom propre
carnay,carnay,nom propre
saluoit,saluait,
figurois,figurais,
cetui,celui,
tont,tont,erreur OCR
attribüer,attribuer,
impudens,impudents,
caur,cœur,
indiscrétement,indiscrètement,
prierois,prierais,
naient,naient,pas clair
pardonnois,pardonnais,
pentido,pentido,nom propre
implorois,implorais,
toîts,toits,
cailleau,cailleau,nom propre
naincy,naincy,nom propre
awgane,afghane,
plue,plu,
vestins,vestins,correct
wapping,wapping,nom propre
cémelli,cémelli,nom propre
murwell,murwell,nom propre
desespéré,désespéré,
cadishé,cadishé,nom propre
crüellement,cruellement,
thirlestaine,thirlestaine,nom propre
soûmettre,soumettre,
mortane,mortane,nom propre
péristile,péristyle,
viceroi,vice-roi,
bleux,bleus,
georgiens,géorgiens,
appercus,aperçus,
désespérois,désespérais,
baronet,baronet,correct
montrerent,montrèrent,
courroit,courrait,
pûssiez,puissiez,
rompoit,rompait,
paroîs,parais,
janna,janna,nom propre
pensers,pensées,
lunez,lunez,nom propre
bienfaictrice,bienfaitrice,
dorens,dorens,nom propre
ôtages,hôtages,
pressy,pressy,nom propre
bruhier,bruhier,nom propre
existance,existence,
succomberoit,succomberait,
tendois,tendais,
prîsse,prisse,
paleur,pâleur,
litthe,litthe,nom propre
allinges,allinges,nom propre
réüssir,réussir,
michon,michon,nom propre
duterrier,duterrier,nom propre
iliska,iliska,nom propre
recus,reçus,
devenüe,devenue,
herniques,herniques,correct
coëffer,coiffer,
transubstantiation,transsubstantiation,
outrageans,outrageants,
celleci,celle-ci,
asséz,assez,
taisois,taisais,
mainotes,mainotes,nom propre
abime,abîme,
morneck,morneck,nom propre
condamnois,condamnais,
fites,fîtes,
séches,sèches,
réglement,règlement,
essuye,essuie,
comparois,comparais,
lurcé,lurcé,nom propre
ceintre,cintre,
joûtes,joutes,
epître,épître,
desirerais,désirerais,
fix,six,erreur OCR
suppôsition,supposition,
foudroyans,foudroyants,
réveillerent,réveillèrent,
dansla,dans la,erreur OCR
rutules,rutules,nom propre
equipages,équipages,
riviolle,riviolle,nom propre
consolâtion,consolation,
assidument,assidûment,
entre'ouvre,entrouvre,
pandects,pandects,nom propre
fanchonnette,fanchonnette,nom propre
astrea,astrea,nom propre
modérâtion,modération,
paroissions,paraissions,
écriaije,écriai-je,
pannonie,pannonie,nom propre
debéatrix,de Béatrix,erreur OCR
gelna,gelna,nom propre
brudner,brudner,nom propre
poussois,poussais,
ôtage,hôtage,
succomberois,succomberais,
desoeuvrement,désœuvrement,
empresserent,empressèrent,
leplus,le plus,erreur OCR
nait,naît,
sesnes,sesnes,nom propre
hopital,hôpital,
ments,mens,
paroîtrai,paraîtrai,
réglements,règlements,
considérâtions,considérations,
muscheid,muscheid,nom propre
défendois,défendais,
propôsition,proposition,
chargerois,chargerais,
gréce,grèce,
egaré,égaré,
témoignerent,témoignèrent,
frontiére,frontière,
suppôsez,supposez,
disparution,disparition,
vasy,vas-y,
selictar,selictar,correct
longchamps,longchamps,nom propre
rhéates,rhéates,correct
sortune,fortune,erreur OCR
chancèle,chancelle,
balancerois,balancerais,
soulevent,soulèvent,
roviri,roviri,nom propre
emblêmes,emblèmes,
vanier,vannier,
dûrent,durent,
défendroit,défendrait,
crain,crain,erreur OCR
title,title,anglais
régistre,registre,
réveillois,réveillais,
phosphorine,phosphorine,nom propre
mester,mester,nom propre
maltôtiers,maltôtiers,correct
delimours,delimours,nom propre
condorcet,condorcet,nom propre
forté,forte,
mlles,mlles,correct
garonne,garonne,nom propre
arracheroit,arracherait,
pirée,pirée,nom propre
bandino,bandino,nom propre
quele,que le,erreur OCR
renait,renaît,
massillon,massillon,nom propre
tueroit,tuerait,
rameneroit,ramènerait,
céleres,céleres,correct
jevous,je vous,erreur OCR
ichtemadeulet,ichtemadeulet,nom propre
déjeûnons,déjeunons,
tû,tu,
toutesles,toutes les,erreur OCR
dissentions,dissensions,
renouvellant,renouvelant,
impétüosité,impétuosité,
scêne,scène,
fraiche,fraîche,
promettrois,promettrais,
blesac,blesac,nom propre
réflechir,réfléchir,
justifieroit,justifierait,
vousmême,vous-même,
punirois,punirais,
exposois,exposais,
consolois,consolais,
maronda,maronda,nom propre
refuserent,refusèrent,
embrâsement,embrasement,
précipiterent,précipitèrent,
renouvellées,renouvelées,
coeffure,coiffure,
reconnoissants,reconnaissants,
indignâtion,indignation,
continüer,continuer,
venés,venez,
dinâmes,dînâmes,
sesne,sesne,nom propre
persiffler,persifler,
eües,eues,
prothée,prothée,nom propre
hésiterois,hésiterais,
coëffé,coiffé,
paraitre,paraître,
meurtrieres,meurtrières,
basle,basle,nom propre
nourrissois,nourrissais,
sangatte,sangatte,nom propre
feroces,féroces,
sujettion,sujétion,
termineroit,terminerait,
eûssions,eussions,
desespérer,désespérer,
lulli,lulli,nom propre
samille,famille,erreur OCR
aprèsmidi,après-midi,
appelois,appelais,
gontier,gontier,nom propre
etla,et la,erreur OCR
voiant,voyant,
hirpins,hirpins,correct
héroiques,héroïques,
quenous,que nous,
viterbe,viterbe,nom propre
elève,élève,
pélérinage,pélerinage,
appétissans,appétissants,
jai,j'ai,erreur OCR
nousmêmes,nous-mêmes,
avés,avez,
résistois,résistais,
seches,sèches,
reconnoîtrai,reconnaîtrai,
lidde,lidde,nom propre
aigüe,aiguë,
desespérée,désespérée,
odoriférans,odoriférants,
toujour,toujours,
pourais,pourrais,
sourioient,souriaient,
vivarais,vivarais,nom propre
répentir,repentir,
devous,de vous,
connaissois,connaissais,
coëffes,coiffes,
sauvois,sauvais,
frappois,frappais,
desiraient,désiraient,
étiés,étiez,
aidois,aidais,
cinna,cinna,nom propre
sçeau,sceau,
offrois,offrais,
attribuois,attribuais,
savourois,savourais,
fripponne,friponne,
edouart,edouart,nom propre
prouverent,prouvèrent,
facheux,fâcheux,
saisissois,saisissais,
peindrois,peindrais,
entrainée,entraînée,
épitre,épître,
hermengarde,hermengarde,nom propre
ecartons,écartons,
voiait,voyait,
cequi,ce qui,erreur OCR
labirinthe,labyrinthe,
persistois,persistais,
luttoit,luttait,
schédoni,schédoni,nom propre
déjeûne,déjeune,
occâsions,occasions,
ainée,aînée,
espagnes,espagnes,nom propre
treteaux,tréteaux,
règner,régner,
joyé,joie,
abassi,abassi,nom propre
jouvencel,jouvenceau,
épicure,épicure,nom propre
esclâves,esclaves,
fuirois,fuirais,
goîtres,goitres,
cannot,canot,
blâmerois,blâmerais,
renvaient,renvoient,
maduré,maduré,nom propre
serremens,serrements,
héroique,héroïque,
cultivois,cultivais,
barages,barrages,
simbole,symbole,
boccage,bocage,
repondre,répondre,
calaate,calaate,nom propre
suivroient,suivraient,
licentieuse,licencieuse,
gaïté,gaieté,
rapprochois,rapprochais,
entrelassées,entrelacées,
traine,traîne,
kembley,kembley,nom propre
vertüeux,vertueux,
quiens,tiens,
frioul,frioul,nom propre
javane,javane,nom propre
craignés,craignez,
elevée,élevée,
madamede,madame de,erreur OCR
deshonorent,déshonorent,
obstinâtion,obstination,
remene,ramène,
conversâtion,conversation,
soimême,soi-même,
mêlerent,mêlèrent,
recolte,récolte,
hazerai,hazerai,nom propre
naiveté,naïveté,
invoquois,invoquais,
etle,et le,erreur OCR
pesent,pèsent,
crierent,crièrent,
antropophage,anthropophage,
volerent,volèrent,
tuilleries,tuileries,
conseillere,conseillère,
dailleurs,d'ailleurs,
jesuis,je suis,erreur OCR
confierois,confierais,
sangfroid,sang-froid,
passagére,passagère,
thuringe,thuringe,nom propre
européans,européens,
nourice,nourrice,
spheres,sphères,
renvoyerent,renvoyèrent,
pélage,pélage,nom propre
detous,de tous,erreur OCR
williska,williska,nom propre
plufieurs,plusieurs,erreur OCR
appartenante,appartenant,
pourmoi,pour moi,erreur OCR
votres,vôtres,
disoitelle,disoit-elle,
voulûssiez,voulussiez,
jeme,je me,erreur OCR
mithrane,mithrane,nom propre
deses,de ses,erreur OCR
uu,un,erreur OCR
english,english,langue étrangère
piguet,piguet,nom propre
vovage,voyage,erreur OCR
nalgas,nalgas,nom propre
régistres,registres,
dansune,dans une,erreur OCR
satisfaisans,satisfaisants,
poursuivois,poursuivais,
vigilans,vigilants,
jeunehomme,jeune homme,erreur OCR
administrâtion,administration,
enleverait,enlèverait,
eblis,eblis,nom propre
entre'ouvrir,entrouvrir,
obtiendrois,obtiendrais,
entrainer,entraîner,
fûrent,furent,
sévrac,sévrac,nom propre
biereg,biereg,nom propre
masérini,masérini,nom propre
disoitil,disoit-il,
hâterent,hâtèrent,
conversois,conversais,
malacca,malacca,nom propre
rencontrerois,rencontrerais,
géolier,geôlier,
pouvés,pouvez,
brulant,brûlant,
nieces,nièces,
trèsaimable,très aimable,erreur OCR
bienfaicteur,bienfaiteur,
surlechamp,sur-le-champ,
appaisés,apaisés,
répetent,répètent,
javois,j'avais,
portieres,portieres
opposerois,opposerais,
rémival,rémival,nom propre
œconome,économe,
dispôsé,disposé,
héroisme,héroïsme,
arveron,arveron,nom propre
suffoquois,suffoquais,
dema,de ma,erreur OCR
quelquechose,quelque chose,
suneste,funeste,erreur OCR
répart,repart,
payois,payais,
projetter,projeter,
couteran,couteran,nom propre
dansles,dans les,erreur OCR
éloignois,éloignais,
gâçon,gâçon,effet de style
dubosquet,dubosquet,nom propre
nayades,naïades,
pése,pèse,
grosset,grosset,nom propre
barriéres,barrières,
connichon,connichon,correct
sacrifiois,sacrifiais,
belgique,belgique,nom propre
réjouissois,réjouissais,
serés,serez,
ramenerai,ramènerai,
convalescens,convalescents,
alla,alla,correct
what,what,langue étrangère
dûes,dues,
immensement,immensément,
montcour,montcour,nom propre
tiede,tiède,
briste,briste,nom propre
demadame,de madame,
fiervac,fiervac,nom propre
laissezmoi,laissez-moi,
dussai,dussé,
lorgnoit,lorgnait,
romproit,romprait,
louerois,louerais,
végete,végète,
suisje,suis-je,
etje,et je,erreur OCR
crais,crois,
élancerent,élancèrent,
élevois,élevais,
desirât,désirât,
vousavez,vous avez,erreur OCR
etque,et que,erreur OCR
agraffe,agrafe,
relisoit,relisait,
actüel,actuel,
temoin,témoin,
entre'ouvrit,entrouvrit,
garotter,garrotter,
voions,voyons,
lassaientl,lassaient,
réüssi,réussi,
réfroidissement,refroidissement,
créni,créni,nom propre
décélent,décèlent,
desirés,désirés,
glaciere,glacière,
interrogeois,interrogeais,
ajoutat,ajouta-t,
laissat,laissa,
renverroit,renverrait,
abé,abbé,
evolutions,évolutions,
bégare,bégare,nom propre
horaces,horaces,nom propre
brévet,brevet,
démêlois,démêlais,
pâssion,passion,
vorcester,vorcester,nom propre
intolérans,intolérants,
blâmois,blâmais,
appaisent,apaisent,
expiroient,expiraient,
serpentoit,serpentait,
brulante,brûlante,
maisje,mais je,erreur OCR
caressois,caressais,
ditesvous,dites-vous,
flateuses,flatteuses,
patrié,patrie,erreur OCR
rüine,ruine,
étudiois,étudiais,
nourriroit,nourrirait,
effrenée,effrénée,
adiram,adiram,nom propre
saintange,saintange,nom propre
dédaignoient,dédaignaient,
simplesse,simplesse,correct https://fr.wiktionary.org/wiki/simplesse
décelent,décèlent,
manus,manus,langue étrangère
mercénaires,mercenaires,
phrâses,phrases,
lyonnois,lyonnais,
deménécrate,deménécrate,erreur OCR
montefiascone,montefiascone,nom propre
sorce,force,erreur OCR
durfé,durfé,nom propre
enfanstrouvés,enfants trouvés, erreur OCR
ra,ra,pas clair
confidérable,considérable,erreur OCR
menerait,mènerait,
continüité,continuité,
dessinoient,dessinaient,
teligni,teligni,nom propre
éroit,étoit,erreur OCR
continuerent,continuèrent,
imberbault,imberbault,nom propre
bruler,brûler,
enchantoient,enchantaient,
ameneroit,amènerait,
duguet,duguet,nom propre
intégre,intègre,
envoyent,envoient,
crouzas,crouzas,nom propre
ajoutatelle,ajouta-t-elle,
serrails,sérails,
grapes,grappes,
cavaliérement,cavalièrement,
quime,qui me,erreur OCR
etourdie,étourdie,
épouserois,épouserais,
refrein,refrain,
réprimoit,réprimait,
coursom,coursom,nom propre
ayoit,avait,erreur OCR
mehédi,mehédi,nom propre
relevera,relèvera,
mêlanges,mélanges,
devalcé,devalcé,nom propre
épictète,épictète,nom propre
maitland,maitland,nom propre
intervale,intervalle,
vandren,vandren,nom propre
citroniers,citronniers,
presbytere,presbytère,
égaré,égaré,correct
dissipoient,dissipaient,
bistouret,bistouret,nom propre
arétin,arétin,correct
valler,valler,nom propre
entraine,entraîne,
sevalier,sevalier,effet de style
financiere,financière,
méditoient,méditaient,
bourade,bourrade,
elisées,elisées,nom propre
tarentaise,tarentaise,nom propre
réveler,révéler,
queles,que les,erreur OCR
paroissait,paraissait,
ensévelie,ensevelie,
éxagérer,exagérer,
exagéroit,exagérait,
dépensoit,dépensait,
rappèle,rappelle,
dabord,d'abord,
eole,eole,nom propre
conclûre,conclure,
clavessin,clavecin,
plattes,plates,
rivray,rivray,nom propre
donatien,donatien,nom propre
renaudie,renaudie,nom propre
enchaînoient,enchaînaient,
pétillans,pétillants,
luisoit,luisait,
préferes,préfères,
accâbler,accabler,
connoîtriez,connoîtriez
secondoient,secondoient
prêteroit,prêteroit
nonotte,nonotte
devés,devés
dûssiez,dûssiez
volois,volois
prémières,prémières
sçachons,sçachons
retombois,retombois
persiffle,persiffle
sanglottoit,sanglottoit
déïstes,déïstes
soudre,soudre
ccœur,ccœur
rirois,rirois
wanstead,wanstead
deleur,deleur
désespérans,désespérans
grandpere,grandpere
verserois,verserois
paitit,paitit
tourmentante,tourmentante
surprenoient,surprenoient
stabat,stabat
courbevoie,courbevoie
surmontoit,surmontoit
beauce,beauce
rajeputes,rajeputes
éxigent,éxigent
zèlé,zèlé
pourles,pourles
hespérides,hespérides
mamselle,mamselle
voto,voto
succombois,succombois
garat,garat
morgué,morgué
confiois,confiois
prodiguois,prodiguois
marmet,marmet
ceue,ceue
reveilla,reveilla
cafour,cafour
banderolles,banderolles
ôserois,ôserois
vanbelle,vanbelle
vénérâtion,vénérâtion
sunt,sunt
refléxions,refléxions
enlèvemens,enlèvemens
delire,delire
brule,brule
chancele,chancele
braverois,braverois
babar,babar
défaillans,défaillans
beaune,beaune
abdalis,abdalis
scavoit,scavoit
imans,imans
assûrement,assûrement
surprendroit,surprendroit
souffrés,souffrés
suivés,suivés
samiens,samiens
attrayans,attrayans
compôsent,compôsent
prophéte,prophéte
apprimes,apprimes
faquir,faquir
branchier,branchier
echelle,echelle
défendrois,défendrois
revoye,revoye
détailloit,détailloit
éxacte,éxacte
aërienne,aërienne
élait,élait
décidois,décidois
questionnois,questionnois
epîtres,epîtres
rafinés,rafinés
entendimes,entendimes
quelquesunes,quelquesunes
dadiano,dadiano
naives,naives
mignature,mignature
disoisje,disoisje
répétent,répétent
héloise,héloise
boîteux,boîteux
emissaires,emissaires
cocyte,cocyte
eûs,eûs
gason,gason
bouleversoient,bouleversoient
réponditil,réponditil
quadre,quadre
eminence,eminence
pourait,pourait
quinault,quinault
aurora,aurora
tardois,tardois
espèrer,espèrer
connoîtraient,connoîtraient
téte,téte
ôseroit,ôseroit
tyrannisoient,tyrannisoient
varens,varens
missbridget,missbridget
génevieve,génevieve
aphrodise,aphrodise
leboeuf,leboeuf
apostata,apostata
confolans,confolans
derniérement,derniérement
croiez,croiez
busencour,busencour
voor,voor
epuisée,epuisée
sépulchre,sépulchre
oppôser,oppôser
aport,aport
indiscrettes,indiscrettes
elvine,elvine
tenbadumba,tenbadumba
révolteroit,révolteroit
casbin,casbin
soporatif,soporatif
secondois,secondois
desirerez,desirerez
calmerent,calmerent
viperes,viperes
inistriss,inistriss
chancellans,chancellans
mysanthropie,mysanthropie
grondinabondo,grondinabondo
sainton,sainton
échapés,échapés
rendés,rendés
prée,prée
jugedepaix,jugedepaix
différois,différois
avidemment,avidemment
entourerent,entourerent
chomel,chomel
baniane,baniane
pleureroit,pleureroit
conquèrans,conquèrans
connoissait,connoissait
racommodement,racommodement
sunnis,sunnis
réservois,réservois
gomrom,gomrom
jainais,jainais
asséyez,asséyez
applanissent,applanissent
renvoyois,renvoyois
insultoit,insultoit
républico,républico
voutondo,voutondo
deo,deo
toutàfait,toutàfait
colée,colée
etourdi,etourdi
accablerent,accablerent
arrosois,arrosois
athmosphere,athmosphere
benda,benda
stoique,stoique
flétrissans,flétrissans
sà,sà
frapperoit,frapperoit
moinesse,moinesse
modéroit,modéroit
asséyant,asséyant
inais,inais
lesplus,lesplus
abbattue,abbattue
renes,renes
baillive,baillive
favila,favila
ecoutons,ecoutons
huchette,huchette
béelzébuth,béelzébuth
hiboumanie,hiboumanie
evêques,evêques
véronese,véronese
fournissois,fournissois
colonistes,colonistes
bliancour,bliancour
nicetti,nicetti
natura,natura
abandonnerois,abandonnerois
méotides,méotides
filence,filence
sacrisier,sacrisier
prospere,prospere
diminueroit,diminueroit
hogue,hogue
retraçois,retraçois
reconnoissables,reconnoissables
piccini,piccini
désesperer,désesperer
cinisme,cinisme
eden,eden
risquerois,risquerois
concevrois,concevrois
brevel,brevel
catchukricacambos,catchukricacambos
reçûs,reçûs
fontevrault,fontevrault
pénétrois,pénétrois
expirerent,expirerent
stret,stret
aggrégé,aggrégé
allobroges,allobroges
iliade,iliade
ilest,ilest
catinisme,catinisme
tourmentois,tourmentois
héraults,héraults
oudenaarden,oudenaarden
epigrammes,epigrammes
abbattu,abbattu
angelini,angelini
sivous,sivous
frippier,frippier
douterent,douterent
piquure,piquure
quadrupede,quadrupede
coutât,coutât
suprise,suprise
chèz,chèz
garcons,garcons
ambitionnois,ambitionnois
lesyeux,lesyeux
mals,mals
derobe,derobe
berruyer,berruyer
redoublois,redoublois
carlos,carlos
frémissoient,frémissoient
ressère,ressère
coutera,coutera
gandouffle,gandouffle
samer,samer
connoisses,connoisses
vousêtes,vousêtes
intégres,intégres
decécile,decécile
bousset,bousset
salluste,salluste
colines,colines
àparis,àparis
pergolèse,pergolèse
plymouth,plymouth
blamable,blamable
baretly,baretly
pésanteur,pésanteur
chargeois,chargeois
glissoient,glissoient
flatée,flatée
auronces,auronces
déréglements,déréglements
deshonnorer,deshonnorer
entre'ouvrent,entre'ouvrent
dérèglemens,dérèglemens
pournous,pournous
vomissemens,vomissemens
barimor,barimor
condillac,condillac
allah,allah
bellesœur,bellesœur
erat,erat
cadenats,cadenats
dontles,dontles
sçene,sçene
toutce,toutce
fontenoy,fontenoy
nageois,nageois
redevenoient,redevenoient
persannes,persannes
monnoyeurs,monnoyeurs
bowl,bowl
silentieux,silentieux
delaniga,delaniga
lecomte,lecomte
prénoit,prénoit
rapsodies,rapsodies
aggrandir,aggrandir
notte,notte
eskimaux,eskimaux
substanter,substanter
chérissoient,chérissoient
fentimens,fentimens
ij,ij
parvinmes,parvinmes
danserent,danserent
recu,recu
saluerent,saluerent
passionément,passionément
lagarde,lagarde
abrége,abrége
intriguante,intriguante
attribuerent,attribuerent
filoit,filoit
benedicite,benedicite
trèsconsidérable,trèsconsidérable
interessante,interessante
inéxorable,inéxorable
joûte,joûte
jouïssances,jouïssances
bonaventure,bonaventure
gentilhommes,gentilhommes
frissonnois,frissonnois
gnomide,gnomide
deloyal,deloyal
disje,disje
cassel,cassel
concus,concus
audevant,audevant
décachète,décachète
confluente,confluente
débarassé,débarassé
bocoup,bocoup
autentique,autentique
enleverez,enleverez
corrigeroit,corrigeroit
nesont,nesont
sauveroit,sauveroit
mocqua,mocqua
chézales,chézales
projetta,projetta
naxien,naxien
pyrenées,pyrenées
calmoient,calmoient
propôsé,propôsé
xcii,xcii
jele,jele
colunce,colunce
dévouoit,dévouoit
convenois,convenois
sandal,sandal
tongri,tongri
marchames,marchames
remené,remené
plusque,plusque
champlong,champlong
hellequins,hellequins
éxact,éxact
nérons,nérons
étoufferent,étoufferent
refléxion,refléxion
doucinet,doucinet
flatterent,flatterent
orfoy,orfoy
pazzi,pazzi
possedes,possedes
sanglotte,sanglotte
desirera,desirera
goûterent,goûterent
disparoitre,disparoitre
barbades,barbades
salloit,salloit
épics,épics
hazardait,hazardait
pardonnezmoi,pardonnezmoi
dîs,dîs
berle,berle
epreuves,epreuves
élisée,élisée
dédomager,dédomager
ménaces,ménaces
adorerois,adorerois
sutlumé,sutlumé
pardine,pardine
jusqueslà,jusqueslà
aureste,aureste
traverserent,traverserent
visigoths,visigoths
sibien,sibien
cannarins,cannarins
epargnez,epargnez
pilade,pilade
detout,detout
certe,certe
scait,scait
chancas,chancas
arbal,arbal
séverité,séverité
voïe,voïe
déposerois,déposerois
blomar,blomar
inflüer,inflüer
gaures,gaures
decharlemagne,decharlemagne
dissimulâtion,dissimulâtion
conquerans,conquerans
écriat,écriat
profiterois,profiterois
pasmoins,pasmoins
aggresseur,aggresseur
dérobois,dérobois
contentois,contentois
méprisans,méprisans
ecritures,ecritures
écrivîsse,écrivîsse
sollicitâtions,sollicitâtions
roûgis,roûgis
crüauté,crüauté
renouveloient,renouveloient
élévera,élévera
convelouté,convelouté
justiffier,justiffier
scênes,scênes
ménageois,ménageois
éxactement,éxactement
honête,honête
féte,féte
viédas,viédas
fîssiez,fîssiez
flottois,flottois
coûtois,coûtois
ôser,ôser
gâgné,gâgné
moïens,moïens
allarma,allarma
nautonnier,nautonnier
grouppes,grouppes
gémissans,gémissans
échapée,échapée
quelquesois,quelquesois
georgienne,georgienne
flattâsse,flattâsse
refrogné,refrogné
échoüer,échoüer
independans,independans
éxigeoit,éxigeoit
spolette,spolette
prétendrois,prétendrois
cavette,cavette
galeram,galeram
esclâve,esclâve
réverie,réverie
forçois,forçois
plaçois,plaçois
recevroient,recevroient
voyageois,voyageois
obligâtions,obligâtions
staurace,staurace
négociâtion,négociâtion
waring,waring
profiteroit,profiteroit
taïfilé,taïfilé
geoliers,geoliers
accepterois,accepterois
queq,queq
cazerne,cazerne
sequelle,sequelle
ensévelis,ensévelis
farnel,farnel
remplirois,remplirois
monpère,monpère
erzerum,erzerum
agaçans,agaçans
enconneur,enconneur
fuye,fuye
hartrade,hartrade
herat,herat
lanature,lanature
thiare,thiare
balançois,balançois
réüssite,réüssite
éxigez,éxigez
retrouvoient,retrouvoient
exciteroit,exciteroit
succédés,succédés
abbatre,abbatre
rârement,rârement
fûssé,fûssé
désesperoit,désesperoit
mîsse,mîsse
intéressois,intéressois
évenements,évenements
ferabath,ferabath
mouvans,mouvans
desirerait,desirerait
brachmanes,brachmanes
agitâtion,agitâtion
abacaba,abacaba
apperçusse,apperçusse
